type,numNodessize,NumberOfWords,ID,Sentence,AccessControl,XiaoACP,ModelVerb,PassiveTo,AccessExpression,AbilityExpression,AccessControl,,,,,,,,,,,
title,2,3,1,Course Registration Requirements,FALSE,,,,,,,,,,,,,,,,,
title,2,2,2,Version  2004,FALSE,,,,,,,,,,,,,,,,,
title,1,2,3,Problem Statement,FALSE,,,,,,,,,,,,,,,,,
normal,9,19,4,As the head of information systems for Wylie College you are tasked with developing a new student registration system.,FALSE,,,,,,,,,,,,,,,,,
normal,13,19,5,The college would like a new client-server system to replace its much older system developed around mainframe technology.,FALSE,,,,,,,,,,,,,,,,,
normal,14,22,6,The new system will allow students to register for courses and view report cards from personal computers attached to the campus LAN.,TRUE,TRUE,TRUE,FALSE,FALSE,FALSE,student;view;card,student;register;course,,,,,,,,,,
normal,15,19,7,Professors will be able to access the system to sign up to teach courses as well as record grades.,TRUE,TRUE,TRUE,FALSE,TRUE,TRUE,professors;access;system,professors;sign;teach course,professors;record;grade,,,,,,,,,
normal,11,18,8,"Due to a decrease in federal funding, the college cannot afford to replace the entire system at once.",FALSE,,,,,,,,,,,,,,,,,
normal,10,15,9,The college will keep the existing course catalog database where all course information is maintained.,FALSE,,,,,,,,,,,,,,,,,
normal,6,12,10,This database is an Ingres relational database running on a DEC VAX.,FALSE,,,,,,,,,,,,,,,,,
normal,12,20,11,Fortunately the college has invested in an open SQL interface that allows access to this database from college’s Unix servers.,FALSE,,,,,,,,,,,,,,,,,
normal,15,27,12,"The legacy system performance is rather poor, so the new system must ensure that access to the data on the legacy system occurs in a timely manner.",FALSE,,,,,,,,,,,,,,,,,
normal,10,16,13,The new system will access course information from the legacy database but will not update it.,TRUE,TRUE,TRUE,FALSE,TRUE,FALSE,system;access;legacy database,system;access;course information,system;update;it;NEG-not,,,,,,,,,
normal,9,12,14,The registrar’s office will continue to maintain course information through another system.,FALSE,,,,,,,,,,,,,,,,,
normal,11,21,15,"At the beginning of each semester, students may request a course catalogue containing a list of course offerings for the semester.",TRUE,TRUE,TRUE,FALSE,FALSE,FALSE,student;request;course catalogue,student;request;list,student;request;course offering,student;request;semester,,,,,,,,
normal,15,19,16,"Information about each course, such as professor, department, and prerequisites, will be included to help students make informed decisions.",TRUE,TRUE,TRUE,TRUE,FALSE,FALSE,student;include;course,student;include;professor,student;include;department,student;include;prerequisite,,,,,,,,
normal,10,15,17,The new system will allow students to select four course offerings for the coming semester.,TRUE,TRUE,TRUE,FALSE,FALSE,FALSE,student;select;course offering,student;select;semester,,,,,,,,,,
normal,15,20,18,"In addition, each student will indicate two alternative choices in case the student cannot be assigned to a primary selection.",TRUE,TRUE,TRUE,FALSE,FALSE,FALSE,student;indicate;alternative choice,,,,,,,,,,,
normal,9,15,19,Course offerings will have a maximum of ten students and a minimum of three students.,FALSE,,,,,,,,,,,,,,,,,
normal,8,11,20,A course offering with fewer than three students will be canceled.,FALSE,,,,,,,,,,,,,,,,,
normal,12,15,21,"For each semester, there is a period of time that students can change their schedule.",TRUE,TRUE,TRUE,FALSE,FALSE,FALSE,student;change;schedule,,,,,,,,,,,
normal,13,16,22,Students must be able to access the system during this time to add or drop courses.,TRUE,TRUE,TRUE,FALSE,TRUE,TRUE,student;access;system,student;add;course,student;drop;course,,,,,,,,,
normal,15,27,23,"Once the registration process is completed for a student, the registration system sends information to the billing system so the student can be billed for the semester.",TRUE,TRUE,TRUE,FALSE,FALSE,FALSE,registration system;send;information,registration system;send;information,,,,,,,,,,
normal,13,24,24,"If a course fills up during the actual registration process, the student must be notified of the change before submitting the schedule for processing.",TRUE,TRUE,TRUE,FALSE,FALSE,FALSE,student;notify;change,,,,,,,,,,,
normal,12,21,25,"At the end of the semester, the student will be able to access the system to view an electronic report card.",TRUE,TRUE,TRUE,FALSE,TRUE,TRUE,student;access;system,student;view;electronic report card,,,,,,,,,,
normal,12,17,26,"Since student grades are sensitive information, the system must employ extra security measures to prevent unauthorized access.",FALSE,,,,,,,,,,,,,,,,,
normal,15,18,27,Professors must be able to access the on-line system to indicate which courses they will be teaching.,TRUE,TRUE,TRUE,FALSE,TRUE,TRUE,professors;access;on-line system,professors;indicate;teaching course,,,,,,,,,,
normal,12,14,28,They will also need to see which students signed up for their course offerings.,TRUE,TRUE,TRUE,FALSE,FALSE,FALSE,they;see;student,they;see;course offering,,,,,,,,,,
normal,11,17,29,"In addition, the professors will be able to record the grades for the students in each class.",TRUE,TRUE,TRUE,FALSE,FALSE,TRUE,professor;record;class,professor;record;student,professor;record;grade,,,,,,,,,
title,1,1,30,Introduction,FALSE,,,,,,,,,,,,,,,,,
title,1,1,31,Glossary,FALSE,,,,,,,,,,,,,,,,,
normal,19,30,32,"This document is used to define terminology specific to the problem domain, explaining terms, which may be unfamiliar to the reader of the use-case descriptions or other project documents.",FALSE,,,,,,,,,,,,,,,,,
normal,21,34,33,"Often, this document can be used as an informal data dictionary, capturing data definitions so that use-case descriptions and other project documents can focus on what the system must do with the information.",FALSE,,,,,,,,,,,,,,,,,
title,1,1,34,Definitions,FALSE,,,,,,,,,,,,,,,,,
normal,5,15,35,The glossary contains the working definitions for the key concepts in the Course Registration System.,FALSE,,,,,,,,,,,,,,,,,
title,1,1,36,Course,FALSE,,,,,,,,,,,,,,,,,
normal,3,6,37,A class offered by the university.,FALSE,,,,,,,,,,,,,,,,,
title,1,2,38,Course Offering,FALSE,,,,,,,,,,,,,,,,,
normal,12,23,39,A specific delivery of the course for a specific semester – you could run the same course in parallel sessions in the semester.,FALSE,,,,,,,,,,,,,,,,,
normal,7,11,40,Includes the days of the week and times it is offered.,FALSE,,,,,,,,,,,,,,,,,
title,2,2,41,Course Catalog,FALSE,,,,,,,,,,,,,,,,,
normal,5,10,42,The unabridged catalog of all courses offered by the university.,FALSE,,,,,,,,,,,,,,,,,
title,1,1,43,Faculty,FALSE,,,,,,,,,,,,,,,,,
normal,4,7,44,All the professors teaching at the university.,FALSE,,,,,,,,,,,,,,,,,
title,1,2,45,Finance System,FALSE,,,,,,,,,,,,,,,,,
normal,3,7,46,The system used for processing billing information.,FALSE,,,,,,,,,,,,,,,,,
title,1,1,47,Grade,FALSE,,,,,,,,,,,,,,,,,
normal,5,11,48,The evaluation of a particular student for a particular course offering.,FALSE,,,,,,,,,,,,,,,,,
title,1,1,49,Professor,FALSE,,,,,,,,,,,,,,,,,
normal,3,7,50,A person teaching classes at the university.,FALSE,,,,,,,,,,,,,,,,,
title,1,2,51,Report Card,FALSE,,,,,,,,,,,,,,,,,
normal,8,14,52,All the grades for all courses taken by a student in a given semester.,FALSE,,,,,,,,,,,,,,,,,
title,1,1,53,Roster,FALSE,,,,,,,,,,,,,,,,,
normal,5,9,54,All the students enrolled in a particular course offering.,FALSE,,,,,,,,,,,,,,,,,
title,1,1,55,Student,FALSE,,,,,,,,,,,,,,,,,
normal,4,8,56,A person enrolled in classes at the university.,FALSE,,,,,,,,,,,,,,,,,
title,1,1,57,Schedule,FALSE,,,,,,,,,,,,,,,,,
normal,6,10,58,The courses a student has selected for the current semester.,FALSE,,,,,,,,,,,,,,,,,
title,1,1,59,Transcript,FALSE,,,,,,,,,,,,,,,,,
normal,13,23,60,"The history of the grades for all courses, for a particular student sent to the finance system, which in turn bills the students.",FALSE,,,,,,,,,,,,,,,,,
title,1,1,61,Objectives,FALSE,,,,,,,,,,,,,,,,,
title,1,2,62,Supplementary Specification,FALSE,,,,,,,,,,,,,,,,,
normal,8,14,63,The purpose of this document is to define requirements of the Course Registration System.,FALSE,,,,,,,,,,,,,,,,,
normal,12,20,64,This Supplementary Specification lists the requirements that are not readily captured in the use cases of the use- case model.,FALSE,,,,,,,,,,,,,,,,,
normal,7,18,65,The Supplementary Specifications and the use-case model together capture a complete set of requirements on the system.,FALSE,,,,,,,,,,,,,,,,,
title,1,1,66,Scope,FALSE,,,,,,,,,,,,,,,,,
normal,9,17,67,"This Supplementary Specification applies to the Course Registration System, which will be developed by the OOAD students.",FALSE,,,,,,,,,,,,,,,,,
normal,15,31,68,"This specification defines the non-functional requirements of the system; such as reliability, usability, performance, and supportability, as well as functional requirements that are common across a number of use cases.",FALSE,,,,,,,,,,,,,,,,,
normal,4,11,69,(The functional requirements are defined in the Use Case Specifications.),FALSE,,,,,,,,,,,,,,,,,
title,1,1,70,References,FALSE,,,,,,,,,,,,,,,,,
title,1,1,71,None.,FALSE,,,,,,,,,,,,,,,,,
title,1,1,72,Functionality,FALSE,,,,,,,,,,,,,,,,,
normal,10,10,73,Multiple users must be able to perform their work concurrently.,FALSE,,,,,,,,,,,,,,,,,
normal,15,21,74,"If a course offering becomes full while a student is building a schedule including that offering, the student must be notified.",TRUE,TRUE,TRUE,FALSE,FALSE,FALSE,student;notify;course offering,student;build;course offering,,,,,,,,,,
title,1,1,75,Usability,FALSE,,,,,,,,,,,,,,,,,
normal,5,11,76,The desktop user-interface shall be Windows 95 or 98 compliant.,FALSE,,,,,,,,,,,,,,,,,
title,1,1,77,Reliability,FALSE,,,,,,,,,,,,,,,,,
normal,16,20,78,"The system shall be available 24 hours a day 7 days a week, with no more than 10% down time.",FALSE,,,,,,,,,,,,,,,,,
title,1,1,79,Performance,FALSE,,,,,,,,,,,,,,,,,
normal,17,31,80,"The system shall support up to 2000 simultaneous users against the central database at any given time, and up to 500 simultaneous users against the local servers at any one time.",FALSE,,,,,,,,,,,,,,,,,
normal,12,19,81,The system shall provide access to the legacy course catalog database with no more than a 10 second latency.,FALSE,,,,,,,,,,,,,,,,,
normal,15,26,82,Note: Risk-based prototypes have found that the legacy course catalog database cannot meet our performance needs without some creative use of mid-tier processing power,FALSE,,,,,,,,,,,,,,,,,
normal,12,14,83,The system must be able to complete 80% of all transactions within 2 minutes.,FALSE,,,,,,,,,,,,,,,,,
title,1,1,84,Supportability,FALSE,,,,,,,,,,,,,,,,,
title,1,1,85,None.,FALSE,,,,,,,,,,,,,,,,,
title,1,1,86,Security,FALSE,,,,,,,,,,,,,,,,,
normal,16,23,87,"The system must prevent students from changing any schedules other than their own, and professors from modifying assigned course offerings for other professors.",TRUE,TRUE,TRUE,FALSE,FALSE,FALSE,student;change;other schedule;NEG-prevent,professor;modify;course offering assign professor other,,,,,,,,,,
normal,6,7,88,Only Professors can enter grades for students.,TRUE,TRUE,TRUE,FALSE,FALSE,FALSE,professors;enter;student,professors;enter;grade;ONLY-only,,,,,,,,,,
normal,8,10,89,Only the Registrar is allowed to change any student information.,TRUE,TRUE,FALSE,TRUE,FALSE,FALSE,registrar;allow change;student information;ONLY-only,,,,,,,,,,,
title,1,2,90,Design Constraints,FALSE,,,,,,,,,,,,,,,,,
normal,12,18,91,"The system shall integrate with an existing legacy system, the Course Catalog System, which is an RDBMS database.",FALSE,,,,,,,,,,,,,,,,,
normal,4,9,92,The system shall provide a Windows-based desktop interface.,FALSE,,,,,,,,,,,,,,,,,
title,1,3,93,Use-Case Model,FALSE,,,,,,,,,,,,,,,,,
title,1,8,94,Course Registration System Use-Case Model Main Diagram,FALSE,,,,,,,,,,,,,,,,,
title,1,2,95,Close Registration,FALSE,,,,,,,,,,,,,,,,,
title,1,2,96,Brief Description,FALSE,,,,,,,,,,,,,,,,,
normal,7,11,97,This use case allows a Registrar to close the registration process.,TRUE,FALSE,FALSE,FALSE,FALSE,FALSE,registrar;close;registration process,,,,,,,,,,,
normal,8,10,98,Course offerings that do not have enough students are cancelled.,FALSE,,,,,,,,,,,,,,,,,
normal,7,11,99,Course offerings must have a minimum of three students in them.,FALSE,,,,,,,,,,,,,,,,,
normal,17,26,100,"The billing system is notified for each student in each course offering that is not cancelled, so the student can be billed for the course offering.",TRUE,TRUE,TRUE,FALSE,FALSE,FALSE,billing system;notify;course offering,billing system;notify;student,student;notify bill;course offering,,,,,,,,,
title,2,3,101,Flow of Events,FALSE,,,,,,,,,,,,,,,,,
title,1,2,102,Basic Flow,FALSE,,,,,,,,,,,,,,,,,
normal,7,13,103,This use case starts when the Registrar requests that the system close registration.,TRUE,FALSE,FALSE,FALSE,FALSE,FALSE,registrar;when;system close registration,,,,,,,,,,,
normal,8,11,104,1) The system checks to see if registration is in progress.,TRUE,TRUE,FALSE,FALSE,FALSE,FALSE,FALSE,system;check;registration,,,,,,,,,,
normal,10,16,105,"If it is, then a message is displayed to the Registrar, and the use case terminates.",TRUE,FALSE,FALSE,FALSE,FALSE,FALSE,registrar;display;message,,,,,,,,,,,
normal,9,12,106,The Close Registration processing cannot be performed if registration is in progress.,TRUE,TRUE,TRUE,FALSE,FALSE,FALSE,;perform;close registration processing,,,,,,,,,,,
normal,18,26,107,"2) For each course offering, the system checks if a professor has signed up to teach the course offering and at least three students have registered.",TRUE,FALSE,FALSE,FALSE,FALSE,FALSE,student;register;course offering,professor;sign teach;course offering,,,,,,,,,,
normal,10,14,108,"If so, the system commits the course offering for each schedule that contains it.",TRUE,FALSE,FALSE,FALSE,FALSE,FALSE,system;commit;schedule,system;commit;course offering,system;commit contain;it,,,,,,,,,
normal,22,34,109,"3) For each schedule, the system levels the schedule: if the schedule does not have the maximum number of primary courses selected, the system attempts to select alternates from the schedule’s list of alternates.",TRUE,FALSE,FALSE,FALSE,FALSE,FALSE,system;level;schedule,system;have;schedule,system;select;alternate,system;select;list,system;select;schedule,,,,,,,
normal,6,9,110,The first available alternate course offerings will be selected.,TRUE,TRUE,TRUE,FALSE,FALSE,TRUE,;select;alternate course offering,,,,,,,,,,,
normal,11,11,111,"If no alternates are available, then no substitution will be made.",TRUE,TRUE,TRUE,FALSE,FALSE,TRUE,;available;alternate,;make;substitution,,,,,,,,,,
normal,6,11,112,"4) For each course offering, the system closes all course offerings.",TRUE,FALSE,FALSE,FALSE,FALSE,FALSE,system;close;course offering,system;close;course offering,,,,,,,,,,
normal,22,31,113,"If the course offerings do not have at least three students at this point (some may have been added as a result of leveling), then the system cancels the course offering.",TRUE,TRUE,TRUE,FALSE,FALSE,FALSE,system;cancel have;student,system;cancel have;course offering,system;cancel;course offering,,,,,,,,,
normal,8,12,114,The system cancels the course offering for each schedule that contains it.,TRUE,FALSE,FALSE,FALSE,FALSE,FALSE,system;cancel;course offering,system;cancel;schedule,system;cancel contain;it,,,,,,,,,
normal,12,23,115,5) The system calculates the tuition owed by each student for his current semester schedule and sends a transaction to the Billing System.,TRUE,FALSE,FALSE,FALSE,FALSE,FALSE,system;calculate;tuition,system;calculate send;transaction,system;calculate send;billing system,system;calculate owe;semester schedule,system;calculate owe;student,,,,,,,
normal,11,19,116,"The Billing System will send the bill to the students, which will include a copy of their final schedule.",TRUE,TRUE,TRUE,FALSE,FALSE,FALSE,;include;final schedule,,,,,,,,,,,
title,1,2,117,Alternative Flows,FALSE,,,,,,,,,,,,,,,,,
title,3,6,118,No Professor for the Course Offering,FALSE,,,,,,,,,,,,,,,,,
normal,15,23,119,"If, in the Basic Flow, there is no professor signed up to teach the course offering, the system will cancel the course offering.",TRUE,TRUE,TRUE,FALSE,FALSE,FALSE,system;cancel;course offering,professor;sign teach;course offering,,,,,,,,,,
normal,8,12,120,The system cancels the course offering for each schedule that contains it.,TRUE,FALSE,FALSE,FALSE,FALSE,FALSE,system;cancel;course offering,system;cancel;schedule,system;contain;it,,,,,,,,,
title,2,3,121,Billing System Unavailable,FALSE,,,,,,,,,,,,,,,,,
normal,14,24,122,"If the system is unable to communicate with the Billing System, the system will attempt to re-send the request after a specified period.",FALSE,,,,,,,,,,,,,,,,,
normal,11,15,123,The system will continue to attempt to re-send until the Billing System becomes available.,FALSE,,,,,,,,,,,,,,,,,
title,1,2,124,Special Requirements,FALSE,,,,,,,,,,,,,,,,,
title,1,1,125,None.,FALSE,,,,,,,,,,,,,,,,,
title,1,2,126,Pre-Conditions,FALSE,,,,,,,,,,,,,,,,,
normal,10,16,127,The Registrar must be logged onto the system in order for this use case to begin.,FALSE,,,,,,,,,,,,,,,,,
title,1,2,128,Post-Conditions,FALSE,,,,,,,,,,,,,,,,,
normal,8,10,129,"If the use case was successful, registration is now closed.",FALSE,,,,,,,,,,,,,,,,,
normal,5,7,130,"If not, the system state remains unchanged.",FALSE,,,,,,,,,,,,,,,,,
title,1,2,131,Extension Points,FALSE,,,,,,,,,,,,,,,,,
title,1,1,132,None.,FALSE,,,,,,,,,,,,,,,,,
title,1,1,133,Login,FALSE,,,,,,,,,,,,,,,,,
title,1,2,134,Brief Description,FALSE,,,,,,,,,,,,,,,,,
normal,6,13,135,This use case describes how a user logs into the Course Registration System.,FALSE,,,,,,,,,,,,,,,,,
title,2,3,136,Flow of Events,FALSE,,,,,,,,,,,,,,,,,
title,1,2,137,Basic Flow,FALSE,,,,,,,,,,,,,,,,,
normal,9,15,138,This use case starts when the actor wishes to log into the Course Registration System.,FALSE,,,,,,,,,,,,,,,,,
normal,6,10,139,1) The actor enters his or her name and password.,FALSE,,,,,,,,,,,,,,,,,
normal,8,16,140,2) The system validates the entered name and password and logs the actor into the system.,FALSE,,,,,,,,,,,,,,,,,
title,1,2,141,Alternative Flows,FALSE,,,,,,,,,,,,,,,,,
title,3,4,142,Invalid Name or Password,FALSE,,,,,,,,,,,,,,,,,
normal,12,21,143,"If, in the Basic Flow, the actor enters an invalid name possibly and possibly password, the system displays an error message.",FALSE,,,,,,,,,,,,,,,,,
normal,13,25,144,"The actor can choose to either return to the beginning of the Basic Flow or cancel the login, at which point the use case ends.",FALSE,,,,,,,,,,,,,,,,,
title,1,2,145,Special Requirements,FALSE,,,,,,,,,,,,,,,,,
title,1,1,146,None.,FALSE,,,,,,,,,,,,,,,,,
title,1,2,147,Pre-Conditions,FALSE,,,,,,,,,,,,,,,,,
normal,6,13,148,The system is in the login state and has the login screen displayed.,FALSE,,,,,,,,,,,,,,,,,
title,1,2,149,Post-Conditions,FALSE,,,,,,,,,,,,,,,,,
normal,9,14,150,"If the use case was successful, the actor is now logged into the system.",FALSE,,,,,,,,,,,,,,,,,
normal,5,7,151,"If not, the system state is unchanged.",FALSE,,,,,,,,,,,,,,,,,
title,1,2,152,Extension Points,FALSE,,,,,,,,,,,,,,,,,
title,1,1,153,None.,FALSE,,,,,,,,,,,,,,,,,
title,2,3,154,Maintain Professor Information,FALSE,,,,,,,,,,,,,,,,,
title,1,2,155,Brief Description,FALSE,,,,,,,,,,,,,,,,,
normal,8,14,156,This use case allows the Registrar to maintain professor information in the registration system.,TRUE,FALSE,FALSE,FALSE,FALSE,FALSE,registrar;maintain;professor information,registrar;maintain;registration system,,,,,,,,,,
normal,7,10,157,"This includes adding, modifying, and deleting professors from the system.",TRUE,FALSE,FALSE,FALSE,FALSE,FALSE,;add;professor,;modify;professor,;deleting;professor,,,,,,,,,
title,2,3,158,Flow of Events,FALSE,,,,,,,,,,,,,,,,,
title,1,2,159,Basic Flow,FALSE,,,,,,,,,,,,,,,,,
normal,14,20,160,"This use case starts when the Registrar wishes to add, change, possibly and possibly delete professor information in the system.",TRUE,FALSE,FALSE,FALSE,FALSE,FALSE,registrar;change;professor information,registrar;delete;professor information,registrar;add;professor information,,,,,,,,,
normal,19,28,161,"1) The system requests that the Registrar specify the function he or she would like to perform (either Add a Professor, Update a Professor, or Delete a Professor)",TRUE,TRUE,TRUE,FALSE,FALSE,FALSE,registrar;specify;function,,,,,,,,,,,
normal,10,15,162,"2) Once the Registrar provides the requested information, one of the sub flows is executed.",TRUE,FALSE,FALSE,FALSE,FALSE,FALSE,registrar;provide;information,,,,,,,,,,,
normal,9,14,163,"If the Registrar selected “Add a Professor”, the Add a Professor  subflow is executed.",TRUE,FALSE,FALSE,FALSE,FALSE,FALSE,registrar;select add;professor,,,,,,,,,,,
normal,9,14,164,"If the Registrar selected “update a professor”, the Update a Professor  subflow is executed.",TRUE,FALSE,FALSE,FALSE,FALSE,FALSE,registrar;select update;professor,,,,,,,,,,,
normal,9,14,165,"If the Registrar selected “Delete a Professor”, the Delete a Professor subflow is executed.",TRUE,FALSE,FALSE,FALSE,FALSE,FALSE,registrar;select delete;professor,,,,,,,,,,,
title,2,3,166,Add a Professor,FALSE,,,,,,,,,,,,,,,,,
normal,6,10,167,The system requests that the Registrar enter the professor information.,TRUE,FALSE,FALSE,FALSE,FALSE,FALSE,registrar;enter;professor information,,,,,,,,,,,
list-start,2,2,168,This includes:,FALSE,,,,,,,,,,,,,,,,,
list-member,4,4,169,"- date of birth",TRUE,FALSE,FALSE,FALSE,FALSE,FALSE,;include;date,,,,,,,,,,,
list-member,3,4,170,"- social security number",TRUE,FALSE,FALSE,FALSE,FALSE,FALSE,;include;social security number,,,,,,,,,,,
list-member,10,20,171,"1) Once the Registrar provides the requested information, the system generates and assigns a unique id number to the professor.",TRUE,FALSE,FALSE,FALSE,FALSE,FALSE,registrar;provide;information,system;generate;unique id number,system;assign;unique id number,system;generate;professor,,,,,,,,
normal,4,7,172,The professor is added to the system.,TRUE,FALSE,FALSE,FALSE,FALSE,FALSE,system;add;professor,,,,,,,,,,,
normal,5,11,173,2) The system provides the Registrar with the new professor id.,TRUE,FALSE,FALSE,FALSE,FALSE,FALSE,system;provide;professor id,,,,,,,,,,,
title,2,3,174,Update a Professor,FALSE,,,,,,,,,,,,,,,,,
normal,6,11,175,1) The system requests that the Registrar enter the professor id.,TRUE,FALSE,FALSE,FALSE,FALSE,FALSE,registrar;enter;professor id,,,,,,,,,,,
normal,3,7,176,2) The Registrar enters the professor id.,TRUE,FALSE,FALSE,FALSE,FALSE,FALSE,registrar;enter;professor id,,,,,,,,,,,
normal,4,8,177,The system retrieves and displays the professor information.,TRUE,FALSE,FALSE,FALSE,FALSE,FALSE,system;retrieve;professor information,system;display;professor information,,,,,,,,,,
normal,5,11,178,3) The Registrar makes the desired changes to the professor information.,TRUE,FALSE,FALSE,FALSE,FALSE,FALSE,registrar;make;professor information,,,,,,,,,,,
normal,7,14,179,This includes any of the information specified in the Add a Professor sub-flow.,FALSE,,,,,,,,,,,,,,,,,
normal,7,14,180,"4) Once the Registrar updates the necessary information, the system updates the professor record.",TRUE,FALSE,FALSE,FALSE,FALSE,FALSE,registrar;update;professor record,registrar;update;necessary information,,,,,,,,,,
title,2,3,181,Delete a Professor,FALSE,,,,,,,,,,,,,,,,,
normal,6,11,182,1) The system requests that the Registrar enter the professor id,TRUE,FALSE,FALSE,FALSE,FALSE,FALSE,registrar;enter;professor id,,,,,,,,,,,
normal,3,7,183,2) The Registrar enters the professor id.,TRUE,FALSE,FALSE,FALSE,FALSE,FALSE,registrar;enter;professor id,,,,,,,,,,,
normal,4,8,184,The system retrieves and displays the professor information.,TRUE,FALSE,FALSE,FALSE,FALSE,FALSE,system;retrieve;professor information,system;display;professor information,,,,,,,,,,
normal,7,13,185,3) The system prompts the Registrar to confirm the deletion of the professor.,TRUE,FALSE,FALSE,FALSE,FALSE,FALSE,registrar;confirm;deletion,,,,,,,,,,,
normal,3,6,186,4) The Registrar verifies the deletion.,TRUE,FALSE,FALSE,FALSE,FALSE,FALSE,registrar;verify;deletion,,,,,,,,,,,
normal,4,9,187,5) The system deletes the professor from the system.,TRUE,FALSE,FALSE,FALSE,FALSE,FALSE,system;delete;professor,,,,,,,,,,,
title,1,2,188,Alternative Flows,FALSE,,,,,,,,,,,,,,,,,
title,3,3,189,Professor Not Found,FALSE,,,,,,,,,,,,,,,,,
normal,15,28,190,"If, in the Update a Professor  or Delete a Professor sub-flows, a professor with the specified id number does not exist, the system displays an error message.",TRUE,FALSE,FALSE,FALSE,FALSE,FALSE,system;display;error message,system;display exist;professor,,,,,,,,,,
normal,12,20,191,"The Registrar can then enter a different id number or cancel the operation, at which point the use case ends.",TRUE,TRUE,TRUE,FALSE,FALSE,FALSE,registrar;enter;id number,registrar;cancel;operation,,,,,,,,,,
title,2,2,192,Delete Cancelled,FALSE,,,,,,,,,,,,,,,,,
normal,15,30,193,"If, in the Delete A Professor sub-flow, the Registrar decides not to delete the professor, the delete is cancelled, and the Basic Flow is re-started at the beginning.",TRUE,TRUE,FALSE,TRUE,FALSE,FALSE,registrar;decide delete;professor,,,,,,,,,,,
title,1,2,194,Special Requirements,FALSE,,,,,,,,,,,,,,,,,
title,1,1,195,None.,FALSE,,,,,,,,,,,,,,,,,
title,1,2,196,Pre-Conditions,FALSE,,,,,,,,,,,,,,,,,
normal,9,13,197,The Registrar must be logged onto the system before this use case begins.,FALSE,,,,,,,,,,,,,,,,,
title,1,2,198,Post-Conditions,FALSE,,,,,,,,,,,,,,,,,
normal,10,17,199,"If the use case was successful, the professor information is added, updated, or deleted from the system.",TRUE,FALSE,FALSE,FALSE,FALSE,FALSE,;add;professor information,;update;professor information,;delete;professor information,,,,,,,,,
normal,4,6,200,"Otherwise, the system state is unchanged.",FALSE,,,,,,,,,,,,,,,,,
title,1,2,201,Extension Points,FALSE,,,,,,,,,,,,,,,,,
title,1,1,202,None.,FALSE,,,,,,,,,,,,,,,,,
title,1,3,203,Maintain Student Information,FALSE,,,,,,,,,,,,,,,,,
title,1,2,204,Brief Description,FALSE,,,,,,,,,,,,,,,,,
normal,8,14,205,This use case allows the Registrar to maintain student information in the registration system.,TRUE,FALSE,FALSE,FALSE,FALSE,FALSE,registrar;maintain;registration system,registrar;maintain;student information,,,,,,,,,,
normal,7,10,206,"This includes adding, modifying, and deleting Students from the system.",TRUE,FALSE,FALSE,FALSE,FALSE,FALSE,;add;student,;modify;student,;delete;student,,,,,,,,,
title,2,3,207,Flow of Events,FALSE,,,,,,,,,,,,,,,,,
title,1,2,208,Basic Flow,FALSE,,,,,,,,,,,,,,,,,
normal,14,20,209,"This use case starts when the Registrar wishes to add, change, possibly and possibly delete student information in the system.",TRUE,FALSE,FALSE,FALSE,FALSE,FALSE,registrar;add;student information,registrar;change;student information,registrar;delete;student information,,,,,,,,,
normal,19,28,210,"1) The system requests that the Registrar specify the function he or she would like to perform (either Add a Student, Update a Student, or Delete a Student)",TRUE,TRUE,TRUE,FALSE,FALSE,FALSE,registrar;specify;function,,,,,,,,,,,
normal,10,15,211,"2) Once the Registrar provides the requested information, one of the sub flows is executed.",TRUE,FALSE,FALSE,FALSE,FALSE,FALSE,registrar;provide;information,,,,,,,,,,,
normal,9,14,212,"If the Registrar selected “Add a Student”, the Add a Student  subflow is executed.",TRUE,FALSE,FALSE,FALSE,FALSE,FALSE,registrar;select;add student,,,,,,,,,,,
normal,9,14,213,"If the Registrar selected “Update a Student”, the Update a Student  subflow is executed.",TRUE,FALSE,FALSE,FALSE,FALSE,FALSE,registrar;select;student update,,,,,,,,,,,
normal,9,14,214,"If the Registrar selected “Delete a Student”, the Delete a Student  subflow is executed.",TRUE,FALSE,FALSE,FALSE,FALSE,FALSE,registrar;select;delete student,,,,,,,,,,,
title,2,3,215,Add a Student,FALSE,,,,,,,,,,,,,,,,,
normal,6,11,216,1) The system requests that the Registrar enter the student information.,TRUE,FALSE,FALSE,FALSE,FALSE,FALSE,registrar;enter;student information,,,,,,,,,,,
list-start,2,2,217,This includes:,FALSE,,,,,,,,,,,,,,,,,
list-member,4,4,218,"- date of birth",TRUE,FALSE,FALSE,FALSE,FALSE,FALSE,;include;date,,,,,,,,,,,
list-member,3,4,219,"- social security number",TRUE,FALSE,FALSE,FALSE,FALSE,FALSE,;include;social security number,,,,,,,,,,,
list-member,3,3,220,"- graduation date",TRUE,FALSE,FALSE,FALSE,FALSE,FALSE,;include;graduation date,,,,,,,,,,,
list-member,10,20,221,"2) Once the Registrar provides the requested information, the system generates and assigns a unique id number to the student.",TRUE,FALSE,FALSE,FALSE,FALSE,FALSE,system;generate;student,system;generate;unique id number,system;assign;unique id number,registrar;provide;information,,,,,,,,
normal,4,7,222,The student is added to the system.,TRUE,FALSE,FALSE,FALSE,FALSE,FALSE,system;add;student,,,,,,,,,,,
normal,5,11,223,3) The system provides the Registrar with the new student id.,TRUE,FALSE,FALSE,FALSE,FALSE,FALSE,system;provide;student id,,,,,,,,,,,
title,2,3,224,Update a Student,FALSE,,,,,,,,,,,,,,,,,
normal,6,11,225,1) The system requests that the Registrar enter the student id.,TRUE,FALSE,FALSE,FALSE,FALSE,FALSE,registrar;enter;student id,,,,,,,,,,,
normal,3,7,226,2) The Registrar enters the student id.,TRUE,FALSE,FALSE,FALSE,FALSE,FALSE,registrar;enter;student id,,,,,,,,,,,
normal,4,8,227,The system retrieves and displays the student information.,TRUE,FALSE,FALSE,FALSE,FALSE,FALSE,system;retrieve;student information,system;display;student information,,,,,,,,,,
normal,5,11,228,3) The Registrar makes the desired changes to the student information.,TRUE,FALSE,FALSE,FALSE,FALSE,FALSE,registrar;make change;student information,,,,,,,,,,,
normal,7,14,229,This includes any of the information specified in the Add a Student  sub-flow.,FALSE,,,,,,,,,,,,,,,,,
normal,7,14,230,"4) Once the Registrar updates the necessary information, the system updates the student information.",TRUE,FALSE,FALSE,FALSE,FALSE,FALSE,system;update;student information,registrar;update;necessary information,,,,,,,,,,
title,2,3,231,Delete a Student,FALSE,,,,,,,,,,,,,,,,,
normal,6,11,232,1) The system requests that the Registrar enter the student id,TRUE,FALSE,FALSE,FALSE,FALSE,FALSE,registrar;enter;student id,,,,,,,,,,,
normal,3,7,233,2) The Registrar enters the student id.,TRUE,FALSE,FALSE,FALSE,FALSE,FALSE,registrar;enter;student id,,,,,,,,,,,
normal,4,8,234,The system retrieves and displays the student information.,TRUE,FALSE,FALSE,FALSE,FALSE,FALSE,system;retrieve;student information,system;display;student information,,,,,,,,,,
normal,7,13,235,3) The system prompts the Registrar to confirm the deletion of the student.,TRUE,FALSE,FALSE,FALSE,FALSE,FALSE,registrar;confirm;deletion,registrar;confirm;student,,,,,,,,,,
normal,3,6,236,4) The Registrar verifies the deletion.,TRUE,FALSE,FALSE,FALSE,FALSE,FALSE,registrar;verify;deletion,,,,,,,,,,,
normal,4,9,237,5) The system deletes the student from the system.,TRUE,FALSE,FALSE,FALSE,FALSE,FALSE,system;delete;student,,,,,,,,,,,
title,1,2,238,Alternative Flows,FALSE,,,,,,,,,,,,,,,,,
title,3,3,239,Student Not Found,FALSE,,,,,,,,,,,,,,,,,
normal,15,28,240,"If, in the Update a Student  or Delete a Student  sub-flows, a student with the specified id number does not exist, the system displays an error message.",TRUE,FALSE,FALSE,FALSE,FALSE,FALSE,system;display;error message,system;display exist;student,,,,,,,,,,
normal,12,20,241,"The Registrar can then enter a different id number or cancel the operation, at which point the use case ends.",TRUE,TRUE,TRUE,FALSE,FALSE,FALSE,registrar;cancel;operation,registrar;enter;id number,,,,,,,,,,
title,2,2,242,Delete Cancelled,FALSE,,,,,,,,,,,,,,,,,
normal,15,30,243,"If, in the Delete A Student  sub-flow, the Registrar decides not to delete the student, the delete is cancelled and the Basic Flow is re-started at the beginning.",TRUE,TRUE,FALSE,TRUE,FALSE,FALSE,registrar;delete;student,,,,,,,,,,,
title,1,2,244,Special Requirements,FALSE,,,,,,,,,,,,,,,,,
title,1,1,245,None.,FALSE,,,,,,,,,,,,,,,,,
title,1,2,246,Pre-Conditions,FALSE,,,,,,,,,,,,,,,,,
normal,9,13,247,The Registrar must be logged onto the system before this use case begins.,FALSE,,,,,,,,,,,,,,,,,
title,1,2,248,Post-Conditions,FALSE,,,,,,,,,,,,,,,,,
normal,10,17,249,"If the use case was successful, the student information is added, updated, or deleted from the system.",TRUE,FALSE,FALSE,FALSE,FALSE,FALSE,;update;student information,;add;student information,;delete;student information,,,,,,,,,
normal,4,6,250,"Otherwise, the system state is unchanged.",FALSE,,,,,,,,,,,,,,,,,
title,1,2,251,Extension Points,FALSE,,,,,,,,,,,,,,,,,
title,1,1,252,None.,FALSE,,,,,,,,,,,,,,,,,
title,2,3,253,Register for Courses,FALSE,,,,,,,,,,,,,,,,,
title,1,2,254,Brief Description,FALSE,,,,,,,,,,,,,,,,,
normal,9,15,255,This use case allows a Student to register for course offerings in the current semester.,TRUE,FALSE,FALSE,FALSE,FALSE,FALSE,student;register;course offering,student;register;semester,,,,,,,,,,
normal,15,25,256,The Student can also update or delete course selections if changes are made within the add or drop period at the beginning of the semester.,TRUE,TRUE,TRUE,FALSE,FALSE,FALSE,student;update;course selection,student;delete;course selection,,,,,,,,,,
normal,7,16,257,The Course Catalog System provides a list of all the course offerings for the current semester.,TRUE,FALSE,FALSE,FALSE,FALSE,FALSE,course catalog system;provide;list,course catalog system;provide;semester,course catalog system;provide;course offering,,,,,,,,,
title,2,3,258,Flow of Events,FALSE,,,,,,,,,,,,,,,,,
title,1,2,259,Basic Flow,FALSE,,,,,,,,,,,,,,,,,
normal,14,22,260,"This use case starts when a Student wishes to register for course offerings, or to change his or her existing course schedule.",TRUE,FALSE,FALSE,FALSE,FALSE,FALSE,student;wish register;course offering,student;wish change;existing course schedule,,,,,,,,,,
list-start,10,15,261,1)    The Student provides the function to perform (one of the sub flows is executed):,TRUE,TRUE,FALSE,TRUE,FALSE,FALSE,student;provide;function,,,,,,,,,,,
normal,9,14,262,"If the Student selected “Create a Schedule”, the Create  a Schedule subflow is executed.",TRUE,FALSE,FALSE,FALSE,FALSE,FALSE,student;create;schedule,,,,,,,,,,,
normal,9,14,263,"If the Student selected “update a schedule”, the Update a Schedule subflow is executed.",TRUE,FALSE,FALSE,FALSE,FALSE,FALSE,student;update;schedule,,,,,,,,,,,
normal,9,14,264,"If the Student selected “Delete a Schedule”, the Delete a Schedule subflow is executed.",TRUE,FALSE,FALSE,FALSE,FALSE,FALSE,student;delete;schedule,,,,,,,,,,,
title,2,3,265,Create a Schedule,FALSE,,,,,,,,,,,,,,,,,
normal,9,22,266,1) The system retrieves a list of available course offerings from the Course Catalog System and displays the list to the Student.,TRUE,TRUE,FALSE,FALSE,FALSE,TRUE,system;retrieve display;student,system;retrieve display;list,system;retrieve;list,student;retrieve display;list,system;retrieve;course offering,student;display;course offering,,,,,,
normal,3,7,267,2) The Select Offerings subflow is executed.,FALSE,,,,,,,,,,,,,,,,,
normal,3,7,268,3) The Submit Schedule subflow is executed.,FALSE,,,,,,,,,,,,,,,,,
title,2,3,269,Update a Schedule,FALSE,,,,,,,,,,,,,,,,,
normal,10,18,270,"1) The system retrieves and displays the Student’s current schedule (e.g., the schedule for the current semester).",TRUE,FALSE,FALSE,FALSE,FALSE,FALSE,system;retrieve;schedule,system;retrieve;student,,,,,,,,,,
normal,9,22,271,2) The system retrieves a list of available course offerings from the Course Catalog System and displays the list to the Student.,TRUE,TRUE,FALSE,FALSE,FALSE,TRUE,system;display;student,system;display;list,student;display;list,system;retrieve;list,system;retrieve;course offering,student;display;list,student;display;course offering,,,,,
normal,10,19,272,3) The Student may update the course selections on the current selection by deleting and adding new course offerings.,TRUE,TRUE,TRUE,FALSE,FALSE,FALSE,student;delete;course offering,student;add;course offering,student;update;course selection,,,,,,,,,
normal,8,15,273,The Student selects the course offerings to add from the list of available course offerings.,TRUE,TRUE,FALSE,FALSE,FALSE,TRUE,student;add;list,student;add;course offering,student;add;course offering,,,,,,,,,
normal,9,13,274,The Student also selects any course offerings to delete from the existing schedule.,TRUE,FALSE,FALSE,FALSE,FALSE,FALSE,student;select delete;schedule,student;select delete;course offering,,,,,,,,,,
normal,14,23,275,"4) Once the student has made his or her selections, the system updates the schedule for the Student using the selected course offerings.",TRUE,FALSE,FALSE,FALSE,FALSE,FALSE,student;make;selection,system;update;schedule,system;update;student,,,,,,,,,
normal,3,7,276,5) The Submit Schedule subflow is executed.,FALSE,,,,,,,,,,,,,,,,,
title,2,3,277,Delete a Schedule,FALSE,,,,,,,,,,,,,,,,,
normal,10,18,278,"1) The system retrieves and displays the Student’s current schedule (e.g., the schedule for the current semester).",TRUE,FALSE,FALSE,FALSE,FALSE,FALSE,system;retrieve;schedule,system;retrieve;student,,,,,,,,,,
normal,7,13,279,2) The system prompts the Student to confirm the deletion of the schedule.,TRUE,FALSE,FALSE,FALSE,FALSE,FALSE,system;prompt confirm;schedule,system;prompt;student,,,,,,,,,,
normal,3,6,280,3) The Student verifies the deletion.,TRUE,FALSE,FALSE,FALSE,FALSE,FALSE,student;verify;deletion,,,,,,,,,,,
normal,3,6,281,4) The system deletes the Schedule.,TRUE,FALSE,FALSE,FALSE,FALSE,FALSE,system;delete;schedule,,,,,,,,,,,
normal,10,17,282,"If the schedule contains “enrolled in” course offerings, the Student must be removed from the course offering.",TRUE,TRUE,TRUE,FALSE,FALSE,FALSE,student;remove contain;schedule,student;remove contain enrol;course offering,,,,,,,,,,
title,1,2,283,Select Offerings,FALSE,,,,,,,,,,,,,,,,,
normal,10,18,284,The Student selects 4 primary course offerings and 2 alternate course offerings from the list of available offerings.,TRUE,TRUE,FALSE,FALSE,FALSE,TRUE,student;select;list,student;select;course offering,student;select;alternate course offering,student;select;offering,,,,,,,,
normal,14,22,285,"Once the student has made his or her selections, the system creates a schedule for the Student containing the selected course offerings.",TRUE,FALSE,FALSE,FALSE,FALSE,FALSE,system;create;schedule,system;create;student,system;create;course offering,student;make;selection,,,,,,,,
title,2,2,286,Submit  Schedule,FALSE,,,,,,,,,,,,,,,,,
normal,25,37,287,"For each selected course offering on the schedule not already marked as “enrolled in”, the system verifies that the Student has the necessary prerequisites, that the course offering is open, and that there are no schedule conflicts.",TRUE,FALSE,FALSE,FALSE,FALSE,FALSE,system;verify;schedule,system;verify have;student,system;verify have;course offering,system;verify have;necessary prerequisite,system;verify have;schedule conflict,system;verify;course offering,,,,,,
normal,6,11,288,The system then adds the Student to the selected course offering.,TRUE,FALSE,FALSE,FALSE,FALSE,FALSE,system;add;student,system;add;course offering,,,,,,,,,,
normal,6,11,289,"The course offering is marked as ""enrolled in"" in the schedule.",TRUE,FALSE,FALSE,FALSE,FALSE,FALSE,;mark;course offering,;mark;schedule,,,,,,,,,,
normal,4,7,290,The schedule is saved in the system.,TRUE,FALSE,FALSE,FALSE,FALSE,FALSE,system;save;schedule,,,,,,,,,,,
title,1,2,291,Alternative Flows,FALSE,,,,,,,,,,,,,,,,,
title,2,3,292,Save a Schedule,FALSE,,,,,,,,,,,,,,,,,
normal,11,15,293,"At any point, the Student may choose to save a schedule rather than submitting it.",TRUE,TRUE,TRUE,FALSE,FALSE,FALSE,student;choose save;schedule,,,,,,,,,,,
list-start,7,12,294,"If this occurs, the Submit Schedule step is replaced with the following:",FALSE,,,,,,,,,,,,,,,,,
normal,11,15,295,The course offerings not marked as “enrolled in” are marked as “selected” in the schedule.,TRUE,FALSE,FALSE,FALSE,FALSE,FALSE,;mark;schedule,;mark;course,,,,,,,,,,
normal,4,7,296,The schedule is saved in the system.,TRUE,FALSE,FALSE,FALSE,FALSE,FALSE,system;save;schedule,,,,,,,,,,,
title,4,7,297,"Unfulfilled Prerequisites, Course Full, or Schedule Conflicts",FALSE,,,,,,,,,,,,,,,,,
normal,22,38,298,"If, in the Submit Schedule sub-flow, the system determines that the Student has not satisfied the necessary prerequisites, or that the selected course offering is full, or that there are schedule conflicts, an error message is displayed.",TRUE,FALSE,FALSE,FALSE,FALSE,FALSE,system;display;error message,system;determine satisfy;schedule conflict,system;determine satisfy;student,system;determine satisfy;necessary prerequisite,system;determine satisfy;course offering,,,,,,,
normal,23,40,299,"The Student can either select a different course offering and the use case continues, save the schedule, as is (see Save a Schedule subflow), or cancel the operation, at which point the Basic Flow is re-started at the beginning.",TRUE,TRUE,TRUE,FALSE,FALSE,FALSE,student;select save;schedule,student;select continue;course offering,student;select cancel;operation,,,,,,,,,
title,2,3,300,No Schedule Found,FALSE,,,,,,,,,,,,,,,,,
normal,15,26,301,"If, in the Update a Schedule or Delete a Schedule sub-flows, the system is unable to retrieve the Student’s schedule, an error message is displayed.",TRUE,TRUE,FALSE,TRUE,FALSE,TRUE,system;display;error message,system;retrieve;schedule,system;retrieve;student,,,,,,,,,
normal,8,15,302,"The Student acknowledges the error, and the Basic Flow is re- started at the beginning.",TRUE,FALSE,FALSE,FALSE,FALSE,FALSE,student;acknowledge;error,,,,,,,,,,,
title,3,4,303,Course Catalog System Unavailable,FALSE,,,,,,,,,,,,,,,,,
normal,12,22,304,"If the system is unable to communicate with the Course Catalog System, the system will display an error message to the Student.",TRUE,TRUE,TRUE,FALSE,FALSE,TRUE,student;display;error message,system;communicate;course catalog system,system;display;error message,,,,,,,,,
normal,5,11,305,"The Student acknowledges the error message, and the use case terminates.",TRUE,FALSE,FALSE,FALSE,FALSE,FALSE,student;acknowledge;error message,,,,,,,,,,,
title,1,3,306,Course Registration Closed,FALSE,,,,,,,,,,,,,,,,,
normal,20,30,307,"When the use case starts, if it is determined that registration for the current semester has been closed, a message is displayed to the Student, and the use case terminates.",TRUE,FALSE,FALSE,FALSE,FALSE,FALSE,student;display;message,;determine;registration,;determine;semester,,,,,,,,,
normal,12,15,308,Students cannot register for course offerings after registration for the current semester has been closed.,TRUE,TRUE,TRUE,FALSE,FALSE,FALSE,student;register;course offering;NEG-not,student;have close;registration,student;have close;semester,,,,,,,,,
title,2,2,309,Delete Cancelled,FALSE,,,,,,,,,,,,,,,,,
normal,15,30,310,"If, in the Delete A Schedule sub-flow, the Student decides not to delete the schedule, the delete is cancelled, and the Basic Flow is re-started at the beginning.",TRUE,TRUE,FALSE,TRUE,FALSE,FALSE,student;decide delete;schedule,,,,,,,,,,,
title,1,2,311,Special Requirements,FALSE,,,,,,,,,,,,,,,,,
title,1,1,312,None.,FALSE,,,,,,,,,,,,,,,,,
title,1,2,313,Pre-Conditions,FALSE,,,,,,,,,,,,,,,,,
normal,9,13,314,The Student must be logged onto the system before this use case begins.,FALSE,,,,,,,,,,,,,,,,,
title,1,2,315,Post-Conditions,FALSE,,,,,,,,,,,,,,,,,
normal,9,14,316,"If the use case was successful, the student schedule is created, updated, or deleted.",TRUE,FALSE,FALSE,FALSE,FALSE,FALSE,;create;student schedule,;update;student schedule,;delete;student schedule,,,,,,,,,
normal,4,6,317,"Otherwise, the system state is unchanged.",FALSE,,,,,,,,,,,,,,,,,
title,1,2,318,Extension Points,FALSE,,,,,,,,,,,,,,,,,
title,1,1,319,None.,FALSE,,,,,,,,,,,,,,,,,
title,3,4,320,Select Courses to Teach,FALSE,,,,,,,,,,,,,,,,,
title,1,2,321,Brief Description,FALSE,,,,,,,,,,,,,,,,,
normal,20,33,322,This use case allows a Professor to select the course offerings from the course catalog for the courses that he or she is eligible for and wishes to teach in the upcoming semester.,TRUE,FALSE,FALSE,FALSE,FALSE,FALSE,professor;select;course offering,professor;select;course catalog,professor;select;semester,,,,,,,,,
title,2,3,323,Flow of Events,FALSE,,,,,,,,,,,,,,,,,
title,1,2,324,Basic Flow,FALSE,,,,,,,,,,,,,,,,,
normal,16,20,325,This use case starts when a Professor wishes to sign up to teach some course offerings for the upcoming semester.,TRUE,FALSE,FALSE,FALSE,FALSE,FALSE,professor;sign teach;course,professor;sign teach;semester,,,,,,,,,,
normal,12,21,326,1) The system retrieves and displays the list of course offerings the professor is eligible to teach for the current semester.,TRUE,FALSE,FALSE,FALSE,FALSE,FALSE,system;retrieve;list,system;display;list,system;retrieve;semester,system;retrieve;professor,system;retrieve;course offering,,,,,,,
normal,12,17,327,The system also retrieves and displays the list of courses the professor has previously selected to teach.,TRUE,FALSE,FALSE,FALSE,FALSE,FALSE,system;retrieve;list,system;display;list,system;retrieve;professor,professor;select;course,system;retrieve;course,,,,,,,
normal,14,23,328,2) The professor selects possibly and possibly de-selects the course offerings that he or she wishes to teach for the upcoming semester.,TRUE,FALSE,FALSE,FALSE,FALSE,FALSE,professor;select;course offering,professor;de-select;course offering,professor;select;semester,,,,,,,,,
normal,5,13,329,3) The system removes the professor from teaching the de-selected course offerings.,TRUE,FALSE,FALSE,FALSE,FALSE,FALSE,system;remove teach;de-selected course offering,,,,,,,,,,,
normal,25,35,330,"4) The system verifies that the selected offerings do not conflict (i.e., have the same dates and times) with each other or any course offerings that the professor has previously signed up to teach.",TRUE,FALSE,FALSE,FALSE,FALSE,FALSE,system;verify do;course offering,system;verify do;offering,professor;sign;course offering,system;verify;professor,,,,,,,,
normal,18,30,331,"If there is no conflict, the system updates the course offering information for each offering the professor selects (i.e., records the professor as the instructor for the course offering).",TRUE,FALSE,FALSE,FALSE,FALSE,FALSE,system;update;offer,system;update;course information,system;update;select,system;record;course offering,system;record;instructor,system;record;professor,,,,,,
title,1,2,332,Alternative Flows,FALSE,,,,,,,,,,,,,,,,,
title,3,4,333,No Course Offerings Available,FALSE,,,,,,,,,,,,,,,,,
normal,17,26,334,"If, in the Basic Flow, the professor is not eligible to teach any course offerings in the upcoming semester, the system will display an error message.",TRUE,TRUE,TRUE,FALSE,FALSE,FALSE,system;display;error message,system;display teach;course,system;display;professor,system;display teach;semester,professor;teach;course,professor;teach;semester,,,,,,
normal,5,10,335,The professor acknowledges the message and the use case ends.,FALSE,,,,,,,,,,,,,,,,,
title,1,2,336,Schedule Conflict,FALSE,,,,,,,,,,,,,,,,,
normal,21,32,337,"If the systems find a schedule conflict when trying to establish the course offerings the Professor should take, the system will display an error message indicating that a schedule conflict has occurred.",TRUE,TRUE,TRUE,FALSE,FALSE,FALSE,system;find;schedule conflict,system;establish;course offering,professor;take;course offering,system;display;error message,,,,,,,,
normal,8,10,338,The system will also indicate which are the conflicting courses.,TRUE,TRUE,TRUE,FALSE,FALSE,FALSE,system;indicate;course,,,,,,,,,,,
normal,25,38,339,"The Professor can either resolve the schedule conflict (i.e., by canceling his selection to teach one of the course offerings), or cancel the operation, in which case, any selections will be lost, and the use case ends.",TRUE,TRUE,TRUE,TRUE,FALSE,FALSE,professor;resolve cancel;operation,professor;resolve;schedule,professor;cancel;selection,professor;cancel;course offering,,,,,,,,
title,3,4,340,Course Catalog System Unavailable,FALSE,,,,,,,,,,,,,,,,,
normal,12,22,341,"If the system is unable to communicate with the Course Catalog System, the system will display an error message to the Student.",TRUE,TRUE,TRUE,FALSE,FALSE,TRUE,system;display;error message,student;display;error message,system;communicate;course catalog system,,,,,,,,,
normal,5,11,342,"The Student acknowledges the error message, and the use case terminates.",TRUE,FALSE,FALSE,FALSE,FALSE,FALSE,student;acknowledge;error message,,,,,,,,,,,
title,1,3,343,Course Registration Closed,FALSE,,,,,,,,,,,,,,,,,
normal,20,30,344,"When the use case starts, if it is determined that registration for the current semester has been closed, a message is displayed to the Professor, and the use case terminates.",TRUE,FALSE,FALSE,FALSE,FALSE,FALSE,;determine;registration,;determine;semester,professor;display;message,,,,,,,,,
normal,14,17,345,Professors cannot change the course offerings they teach after registration for the current semester has been closed.,TRUE,TRUE,TRUE,FALSE,FALSE,FALSE,professors;change;course offering;NEG-not,professors;change teach close;registration,they;teach;course offering,they;teach close;semester,they;teach close;registration,,,,,,,
normal,15,20,346,"If a professor change is needed after registration has been closed, it is handled outside the scope of this system.",FALSE,,,,,,,,,,,,,,,,,
title,1,2,347,Special Requirements,FALSE,,,,,,,,,,,,,,,,,
title,1,1,348,None.,FALSE,,,,,,,,,,,,,,,,,
title,1,2,349,Pre-Conditions,FALSE,,,,,,,,,,,,,,,,,
normal,9,13,350,The Professor must be logged onto the system before this use case begins.,FALSE,,,,,,,,,,,,,,,,,
title,1,2,351,Post-Conditions,FALSE,,,,,,,,,,,,,,,,,
normal,13,18,352,"If the use case was successful, the course offerings a Professor is scheduled to teach have been updated.",TRUE,TRUE,FALSE,TRUE,FALSE,FALSE,professor;update;course offering,,,,,,,,,,,
normal,4,6,353,"Otherwise, the system state is unchanged.",FALSE,,,,,,,,,,,,,,,,,
title,1,2,354,Extension Points,FALSE,,,,,,,,,,,,,,,,,
title,1,1,355,None.,FALSE,,,,,,,,,,,,,,,,,
title,2,2,356,Submit Grades,FALSE,,,,,,,,,,,,,,,,,
title,1,2,357,Brief Description,FALSE,,,,,,,,,,,,,,,,,
normal,13,20,358,This use case allows a Professor to submit student grades for one or more classes completed in the previous semester.,TRUE,FALSE,FALSE,FALSE,FALSE,FALSE,professor;submit;class,professor;submit complete;semester,professor;submit;student grade,,,,,,,,,
title,2,3,359,Flow of Events,FALSE,,,,,,,,,,,,,,,,,
title,1,2,360,Basic Flow,FALSE,,,,,,,,,,,,,,,,,
normal,15,22,361,This use case starts when a Professor wishes to submit student grades for one or more classes completed in the previous semester.,TRUE,FALSE,FALSE,FALSE,FALSE,FALSE,professor;wish submit;class,professor;wish submit complete;semester,professor;wish submit;student grade,,,,,,,,,
normal,8,16,362,1) The system displays a list of course offerings the Professor taught in the previous semester.,TRUE,FALSE,FALSE,FALSE,FALSE,FALSE,system;display;list,professor;teach;course offering,professor;teach;semester,system;display;course offering,,,,,,,,
normal,3,7,363,2) The Professor selects a course offering.,TRUE,FALSE,FALSE,FALSE,FALSE,FALSE,professor;select;course offering,,,,,,,,,,,
normal,9,16,364,3) The system retrieves a list of all students who were registered for the course offering.,TRUE,FALSE,FALSE,FALSE,FALSE,FALSE,system;retrieve;list,student;register;course offering,system;retrieve;student,,,,,,,,,
normal,11,15,365,The system displays each student and any grade that was previously assigned for the offering.,TRUE,FALSE,FALSE,FALSE,FALSE,FALSE,system;display;student,system;display;grade,system;display assign;offering,,,,,,,,,
normal,17,29,366,"4) For each student on the list, the Professor enters a grade: A, B, C, D, F, or I.  The system records the student’s grade for the course offering.",TRUE,FALSE,FALSE,FALSE,FALSE,FALSE,professor;enter;grade,professor;enter;student,system;record;student,system;record;course offering,system;record;grade,professor;enter;list,professor;enter;d,professor;enter;a,professor;enter;b,professor;enter;c,professor;enter;f,professor;enter;i.
normal,17,23,367,"If the Professor wishes to skip a particular student, the grade information can be left blank and filled in at a later time.",TRUE,TRUE,TRUE,TRUE,FALSE,FALSE,professor;wish skip;student,,,,,,,,,,,
normal,9,15,368,The Professor may also change the grade for a student by entering a new grade.,TRUE,TRUE,TRUE,FALSE,FALSE,FALSE,professor;change;grade,professor;change;student,professor;enter;grade,,,,,,,,,
title,1,2,369,Alternative Flows,FALSE,,,,,,,,,,,,,,,,,
title,3,4,370,No Course Offerings Taught,FALSE,,,,,,,,,,,,,,,,,
normal,15,24,371,"If, in the Basic Flow, the Professor did not teach any course offerings in the previous semester, the system will display an error message.",TRUE,TRUE,TRUE,FALSE,FALSE,FALSE,system;display;error message,professor;teach;course,professor;teach;semester,professor;teach;offering,,,,,,,,
normal,5,10,372,"The Professor acknowledges the message, and the use case ends.",FALSE,,,,,,,,,,,,,,,,,
title,1,2,373,Special Requirements,FALSE,,,,,,,,,,,,,,,,,
title,1,1,374,None.,FALSE,,,,,,,,,,,,,,,,,
title,1,2,375,Pre-Conditions,FALSE,,,,,,,,,,,,,,,,,
normal,9,13,376,The Professor must be logged onto the system before this use case begins.,FALSE,,,,,,,,,,,,,,,,,
title,1,2,377,Post-Conditions,FALSE,,,,,,,,,,,,,,,,,
normal,8,14,378,"If the use case was successful, student grades for a course offering are updated.",TRUE,FALSE,FALSE,FALSE,FALSE,FALSE,;update;course offering,;update;student grade,,,,,,,,,,
normal,4,6,379,"Otherwise, the system state is unchanged.",FALSE,,,,,,,,,,,,,,,,,
title,1,2,380,Extension Points,FALSE,,,,,,,,,,,,,,,,,
title,1,1,381,None.,FALSE,,,,,,,,,,,,,,,,,
title,1,3,382,View Report Card,FALSE,,,,,,,,,,,,,,,,,
title,1,2,383,Brief Description,FALSE,,,,,,,,,,,,,,,,,
normal,12,18,384,This use case allows a Student to view his or her report card for the previously completed semester.,TRUE,FALSE,FALSE,FALSE,FALSE,FALSE,student;view;report card,student;view;semester,,,,,,,,,,
title,2,3,385,Flow of Events,FALSE,,,,,,,,,,,,,,,,,
title,1,2,386,Basic Flow,FALSE,,,,,,,,,,,,,,,,,
normal,14,20,387,This use case starts when a Student wishes to view his or her report card for the previously completed semester.,TRUE,FALSE,FALSE,FALSE,FALSE,FALSE,student;wish view;semester,student;wish view;report card,,,,,,,,,,
normal,10,22,388,1) The system retrieves and displays the grade information for each of the course offerings the Student completed during the previous semester.,TRUE,FALSE,FALSE,FALSE,FALSE,FALSE,system;retrieve;student,system;retrieve display;course offering,system;retrieve display;grade information,system;display;student,,,,,,,,
normal,12,18,389,"2) When the Student indicates that he or she is done viewing the grades, the use case terminates.",TRUE,FALSE,FALSE,FALSE,FALSE,FALSE,student;indicate do view;grade,,,,,,,,,,,
title,1,2,390,Alternative Flows,FALSE,,,,,,,,,,,,,,,,,
title,3,4,391,No Grade Information Available,FALSE,,,,,,,,,,,,,,,,,
normal,14,23,392,"If, in the Basic Flow, the system cannot find any grade information from the previous semester for the Student, a message is displayed.",TRUE,TRUE,TRUE,FALSE,FALSE,FALSE,student;find;grade information,student;find;semester,student;display;message,system;find;grade information,system;find;semester,,,,,,,
normal,6,10,393,"Once the Student acknowledges the message, the use case terminates.",TRUE,FALSE,FALSE,FALSE,FALSE,FALSE,student;acknowledge;message,,,,,,,,,,,
title,1,2,394,Special Requirements,FALSE,,,,,,,,,,,,,,,,,
title,1,1,395,None.,FALSE,,,,,,,,,,,,,,,,,
title,1,2,396,Pre-Conditions,FALSE,,,,,,,,,,,,,,,,,
normal,9,13,397,The Student must be logged onto the system before this use case begins.,FALSE,,,,,,,,,,,,,,,,,
title,1,2,398,Post-Conditions,FALSE,,,,,,,,,,,,,,,,,
normal,5,9,399,The system state is unchanged by this use case.,FALSE,,,,,,,,,,,,,,,,,
title,1,2,400,Extension Points,FALSE,,,,,,,,,,,,,,,,,
title,1,1,401,None.,FALSE,,,,,,,,,,,,,,,,,
